Date,Country,Value
1/1/2000,Australia,1.5244
2/1/2000,Australia,1.5929
3/1/2000,Australia,1.641
4/1/2000,Australia,1.6779
5/1/2000,Australia,1.7289
6/1/2000,Australia,1.681
7/1/2000,Australia,1.7036
8/1/2000,Australia,1.7218
9/1/2000,Australia,1.8113
10/1/2000,Australia,1.8939
11/1/2000,Australia,1.9164
12/1/2000,Australia,1.8295
1/1/2001,Australia,1.8012
2/1/2001,Australia,1.8734
3/1/2001,Australia,1.9877
4/1/2001,Australia,1.9936
5/1/2001,Australia,1.9234
6/1/2001,Australia,1.9305
7/1/2001,Australia,1.965
8/1/2001,Australia,1.9062
9/1/2001,Australia,1.9857
10/1/2001,Australia,1.9833
11/1/2001,Australia,1.9361
12/1/2001,Australia,1.9463
1/1/2002,Australia,1.9342
2/1/2002,Australia,1.9501
3/1/2002,Australia,1.9026
4/1/2002,Australia,1.8685
5/1/2002,Australia,1.8188
6/1/2002,Australia,1.7599
7/1/2002,Australia,1.8057
8/1/2002,Australia,1.8474
9/1/2002,Australia,1.8298
10/1/2002,Australia,1.8175
11/1/2002,Australia,1.7816
12/1/2002,Australia,1.7781
1/1/2003,Australia,1.7156
2/1/2003,Australia,1.679
3/1/2003,Australia,1.6625
4/1/2003,Australia,1.6393
5/1/2003,Australia,1.5461
6/1/2003,Australia,1.5033
7/1/2003,Australia,1.5135
8/1/2003,Australia,1.5342
9/1/2003,Australia,1.5072
10/1/2003,Australia,1.4393
11/1/2003,Australia,1.397
12/1/2003,Australia,1.353
1/1/2004,Australia,1.2958
2/1/2004,Australia,1.287
3/1/2004,Australia,1.334
4/1/2004,Australia,1.3435
5/1/2004,Australia,1.4207
6/1/2004,Australia,1.4415
7/1/2004,Australia,1.3965
8/1/2004,Australia,1.4063
9/1/2004,Australia,1.4229
10/1/2004,Australia,1.363
11/1/2004,Australia,1.298
12/1/2004,Australia,1.3029
1/1/2005,Australia,1.3041
2/1/2005,Australia,1.2801
3/1/2005,Australia,1.2742
4/1/2005,Australia,1.2923
5/1/2005,Australia,1.305
6/1/2005,Australia,1.3043
7/1/2005,Australia,1.3291
8/1/2005,Australia,1.3134
9/1/2005,Australia,1.307
10/1/2005,Australia,1.3271
11/1/2005,Australia,1.36
12/1/2005,Australia,1.3472
1/1/2006,Australia,1.3324
2/1/2006,Australia,1.3481
3/1/2006,Australia,1.3763
4/1/2006,Australia,1.357
5/1/2006,Australia,1.3091
6/1/2006,Australia,1.3515
7/1/2006,Australia,1.3284
8/1/2006,Australia,1.3104
9/1/2006,Australia,1.3247
10/1/2006,Australia,1.3256
11/1/2006,Australia,1.294
12/1/2006,Australia,1.2726
1/1/2007,Australia,1.2778
2/1/2007,Australia,1.2771
3/1/2007,Australia,1.2607
4/1/2007,Australia,1.2088
5/1/2007,Australia,1.2115
6/1/2007,Australia,1.1872
7/1/2007,Australia,1.1525
8/1/2007,Australia,1.2061
9/1/2007,Australia,1.1819
10/1/2007,Australia,1.1116
11/1/2007,Australia,1.1159
12/1/2007,Australia,1.1469
1/1/2008,Australia,1.1334
2/1/2008,Australia,1.0949
3/1/2008,Australia,1.0845
4/1/2008,Australia,1.0742
5/1/2008,Australia,1.0535
6/1/2008,Australia,1.0514
7/1/2008,Australia,1.0395
8/1/2008,Australia,1.1344
9/1/2008,Australia,1.2243
10/1/2008,Australia,1.4556
11/1/2008,Australia,1.5172
12/1/2008,Australia,1.4883
1/1/2009,Australia,1.4806
2/1/2009,Australia,1.5375
3/1/2009,Australia,1.5002
4/1/2009,Australia,1.397
5/1/2009,Australia,1.3075
6/1/2009,Australia,1.2461
7/1/2009,Australia,1.2424
8/1/2009,Australia,1.1972
9/1/2009,Australia,1.1598
10/1/2009,Australia,1.1029
11/1/2009,Australia,1.0873
12/1/2009,Australia,1.1085
1/1/2010,Australia,1.0957
2/1/2010,Australia,1.1291
3/1/2010,Australia,1.0961
4/1/2010,Australia,1.0797
5/1/2010,Australia,1.1477
6/1/2010,Australia,1.1711
7/1/2010,Australia,1.1382
8/1/2010,Australia,1.1106
9/1/2010,Australia,1.0641
10/1/2010,Australia,1.0185
11/1/2010,Australia,1.0112
12/1/2010,Australia,1.0072
1/1/2011,Australia,1.0038
2/1/2011,Australia,0.9917
3/1/2011,Australia,0.9888
4/1/2011,Australia,0.9445
5/1/2011,Australia,0.9368
6/1/2011,Australia,0.9419
7/1/2011,Australia,0.9276
8/1/2011,Australia,0.9522
9/1/2011,Australia,0.9785
10/1/2011,Australia,0.9835
11/1/2011,Australia,0.9889
12/1/2011,Australia,0.9879
1/1/2012,Australia,0.9602
2/1/2012,Australia,0.9318
3/1/2012,Australia,0.95
4/1/2012,Australia,0.9662
5/1/2012,Australia,1.002
6/1/2012,Australia,1.0014
7/1/2012,Australia,0.9709
8/1/2012,Australia,0.9547
9/1/2012,Australia,0.961
10/1/2012,Australia,0.9711
11/1/2012,Australia,0.9611
12/1/2012,Australia,0.9556
1/1/2013,Australia,0.9524
2/1/2013,Australia,0.9699
3/1/2013,Australia,0.9667
4/1/2013,Australia,0.9634
5/1/2013,Australia,1.0082
6/1/2013,Australia,1.0593
7/1/2013,Australia,1.0923
8/1/2013,Australia,1.1066
9/1/2013,Australia,1.0749
10/1/2013,Australia,1.0505
11/1/2013,Australia,1.0725
12/1/2013,Australia,1.1136
1/1/2014,Australia,1.1289
2/1/2014,Australia,1.1143
3/1/2014,Australia,1.1002
4/1/2014,Australia,1.0735
5/1/2014,Australia,1.0747
6/1/2014,Australia,1.0678
7/1/2014,Australia,1.0651
8/1/2014,Australia,1.0742
9/1/2014,Australia,1.106
10/1/2014,Australia,1.1388
11/1/2014,Australia,1.1569
12/1/2014,Australia,1.2111
1/1/2015,Australia,1.2401
2/1/2015,Australia,1.2825
3/1/2015,Australia,1.2947
4/1/2015,Australia,1.292
5/1/2015,Australia,1.2673
6/1/2015,Australia,1.2962
7/1/2015,Australia,1.3501
8/1/2015,Australia,1.3708
9/1/2015,Australia,1.4166
10/1/2015,Australia,1.3889
11/1/2015,Australia,1.3994
12/1/2015,Australia,1.3799
1/1/2016,Australia,1.4263
2/1/2016,Australia,1.4017
3/1/2016,Australia,1.3326
4/1/2016,Australia,1.3048
5/1/2016,Australia,1.3665
6/1/2016,Australia,1.3512
7/1/2016,Australia,1.3282
8/1/2016,Australia,1.3108
9/1/2016,Australia,1.3173
10/1/2016,Australia,1.3132
11/1/2016,Australia,1.3277
12/1/2016,Australia,1.3613
1/1/2017,Australia,1.3396
2/1/2017,Australia,1.3048
3/1/2017,Australia,1.312
4/1/2017,Australia,1.3273
5/1/2017,Australia,1.3446
6/1/2017,Australia,1.3224
7/1/2017,Australia,1.2809
8/1/2017,Australia,1.2634
9/1/2017,Australia,1.2541
10/1/2017,Australia,1.284
11/1/2017,Australia,1.3123
12/1/2017,Australia,1.3116
1/1/2000,Canada,1.4486
2/1/2000,Canada,1.4512
3/1/2000,Canada,1.4608
4/1/2000,Canada,1.4689
5/1/2000,Canada,1.4957
6/1/2000,Canada,1.477
7/1/2000,Canada,1.4778
8/1/2000,Canada,1.4828
9/1/2000,Canada,1.4864
10/1/2000,Canada,1.5125
11/1/2000,Canada,1.5426
12/1/2000,Canada,1.5219
1/1/2001,Canada,1.5032
2/1/2001,Canada,1.5216
3/1/2001,Canada,1.5587
4/1/2001,Canada,1.5578
5/1/2001,Canada,1.5411
6/1/2001,Canada,1.5245
7/1/2001,Canada,1.5308
8/1/2001,Canada,1.5399
9/1/2001,Canada,1.5679
10/1/2001,Canada,1.5717
11/1/2001,Canada,1.5922
12/1/2001,Canada,1.5788
1/1/2002,Canada,1.5997
2/1/2002,Canada,1.5964
3/1/2002,Canada,1.5877
4/1/2002,Canada,1.5815
5/1/2002,Canada,1.5502
6/1/2002,Canada,1.5318
7/1/2002,Canada,1.5456
8/1/2002,Canada,1.5694
9/1/2002,Canada,1.5761
10/1/2002,Canada,1.578
11/1/2002,Canada,1.5715
12/1/2002,Canada,1.5592
1/1/2003,Canada,1.5414
2/1/2003,Canada,1.5121
3/1/2003,Canada,1.4761
4/1/2003,Canada,1.4582
5/1/2003,Canada,1.384
6/1/2003,Canada,1.3525
7/1/2003,Canada,1.3821
8/1/2003,Canada,1.3963
9/1/2003,Canada,1.3634
10/1/2003,Canada,1.3221
11/1/2003,Canada,1.313
12/1/2003,Canada,1.3128
1/1/2004,Canada,1.2958
2/1/2004,Canada,1.3299
3/1/2004,Canada,1.3286
4/1/2004,Canada,1.342
5/1/2004,Canada,1.3789
6/1/2004,Canada,1.3578
7/1/2004,Canada,1.3225
8/1/2004,Canada,1.3127
9/1/2004,Canada,1.2881
10/1/2004,Canada,1.2469
11/1/2004,Canada,1.1968
12/1/2004,Canada,1.2189
1/1/2005,Canada,1.2248
2/1/2005,Canada,1.2401
3/1/2005,Canada,1.216
4/1/2005,Canada,1.2359
5/1/2005,Canada,1.2555
6/1/2005,Canada,1.2402
7/1/2005,Canada,1.2229
8/1/2005,Canada,1.2043
9/1/2005,Canada,1.1777
10/1/2005,Canada,1.1774
11/1/2005,Canada,1.1815
12/1/2005,Canada,1.1615
1/1/2006,Canada,1.1572
2/1/2006,Canada,1.1489
3/1/2006,Canada,1.1573
4/1/2006,Canada,1.1441
5/1/2006,Canada,1.11
6/1/2006,Canada,1.1137
7/1/2006,Canada,1.1294
8/1/2006,Canada,1.1182
9/1/2006,Canada,1.1161
10/1/2006,Canada,1.1285
11/1/2006,Canada,1.1359
12/1/2006,Canada,1.1532
1/1/2007,Canada,1.1763
2/1/2007,Canada,1.171
3/1/2007,Canada,1.1682
4/1/2007,Canada,1.135
5/1/2007,Canada,1.0951
6/1/2007,Canada,1.0651
7/1/2007,Canada,1.0502
8/1/2007,Canada,1.0579
9/1/2007,Canada,1.0267
10/1/2007,Canada,0.9754
11/1/2007,Canada,0.9672
12/1/2007,Canada,1.0021
1/1/2008,Canada,1.0099
2/1/2008,Canada,0.9986
3/1/2008,Canada,1.0029
4/1/2008,Canada,1.0137
5/1/2008,Canada,0.9993
6/1/2008,Canada,1.0166
7/1/2008,Canada,1.013
8/1/2008,Canada,1.0535
9/1/2008,Canada,1.0582
10/1/2008,Canada,1.1847
11/1/2008,Canada,1.2171
12/1/2008,Canada,1.2337
1/1/2009,Canada,1.2248
2/1/2009,Canada,1.2452
3/1/2009,Canada,1.2645
4/1/2009,Canada,1.2242
5/1/2009,Canada,1.1528
6/1/2009,Canada,1.1264
7/1/2009,Canada,1.1229
8/1/2009,Canada,1.0872
9/1/2009,Canada,1.0816
10/1/2009,Canada,1.0547
11/1/2009,Canada,1.0593
12/1/2009,Canada,1.0537
1/1/2010,Canada,1.0438
2/1/2010,Canada,1.0572
3/1/2010,Canada,1.0229
4/1/2010,Canada,1.0052
5/1/2010,Canada,1.0403
6/1/2010,Canada,1.0376
7/1/2010,Canada,1.0422
8/1/2010,Canada,1.0404
9/1/2010,Canada,1.033
10/1/2010,Canada,1.0179
11/1/2010,Canada,1.0129
12/1/2010,Canada,1.0081
1/1/2011,Canada,0.9939
2/1/2011,Canada,0.9876
3/1/2011,Canada,0.9766
4/1/2011,Canada,0.958
5/1/2011,Canada,0.968
6/1/2011,Canada,0.9766
7/1/2011,Canada,0.9553
8/1/2011,Canada,0.9817
9/1/2011,Canada,1.0025
10/1/2011,Canada,1.0198
11/1/2011,Canada,1.0248
12/1/2011,Canada,1.0235
1/1/2012,Canada,1.013
2/1/2012,Canada,0.9967
3/1/2012,Canada,0.9938
4/1/2012,Canada,0.9928
5/1/2012,Canada,1.0097
6/1/2012,Canada,1.028
7/1/2012,Canada,1.0142
8/1/2012,Canada,0.9924
9/1/2012,Canada,0.9783
10/1/2012,Canada,0.9872
11/1/2012,Canada,0.997
12/1/2012,Canada,0.9898
1/1/2013,Canada,0.9921
2/1/2013,Canada,1.0098
3/1/2013,Canada,1.0244
4/1/2013,Canada,1.0187
5/1/2013,Canada,1.0196
6/1/2013,Canada,1.0314
7/1/2013,Canada,1.0402
8/1/2013,Canada,1.0407
9/1/2013,Canada,1.0342
10/1/2013,Canada,1.0363
11/1/2013,Canada,1.0486
12/1/2013,Canada,1.0639
1/1/2014,Canada,1.094
2/1/2014,Canada,1.1054
3/1/2014,Canada,1.1107
4/1/2014,Canada,1.0992
5/1/2014,Canada,1.0894
6/1/2014,Canada,1.083
7/1/2014,Canada,1.0739
8/1/2014,Canada,1.0926
9/1/2014,Canada,1.1011
10/1/2014,Canada,1.1212
11/1/2014,Canada,1.1325
12/1/2014,Canada,1.1532
1/1/2015,Canada,1.2122
2/1/2015,Canada,1.2499
3/1/2015,Canada,1.2618
4/1/2015,Canada,1.2337
5/1/2015,Canada,1.2176
6/1/2015,Canada,1.2365
7/1/2015,Canada,1.2863
8/1/2015,Canada,1.3147
9/1/2015,Canada,1.3266
10/1/2015,Canada,1.3072
11/1/2015,Canada,1.3279
12/1/2015,Canada,1.3713
1/1/2016,Canada,1.4208
2/1/2016,Canada,1.3797
3/1/2016,Canada,1.3226
4/1/2016,Canada,1.2818
5/1/2016,Canada,1.2945
6/1/2016,Canada,1.2894
7/1/2016,Canada,1.3052
8/1/2016,Canada,1.2998
9/1/2016,Canada,1.3108
10/1/2016,Canada,1.3251
11/1/2016,Canada,1.3434
12/1/2016,Canada,1.3339
1/1/2017,Canada,1.3183
2/1/2017,Canada,1.3109
3/1/2017,Canada,1.3387
4/1/2017,Canada,1.3437
5/1/2017,Canada,1.3606
6/1/2017,Canada,1.3295
7/1/2017,Canada,1.269
8/1/2017,Canada,1.2608
9/1/2017,Canada,1.2279
10/1/2017,Canada,1.2607
11/1/2017,Canada,1.2773
12/1/2017,Canada,1.2705
1/1/2000,Euro,0.9871
2/1/2000,Euro,1.0169
3/1/2000,Euro,1.037
4/1/2000,Euro,1.0583
5/1/2000,Euro,1.1039
6/1/2000,Euro,1.0521
7/1/2000,Euro,1.0654
8/1/2000,Euro,1.1056
9/1/2000,Euro,1.1501
10/1/2000,Euro,1.173
11/1/2000,Euro,1.1693
12/1/2000,Euro,1.1132
1/1/2001,Euro,1.0666
2/1/2001,Euro,1.0864
3/1/2001,Euro,1.101
4/1/2001,Euro,1.1204
5/1/2001,Euro,1.1425
6/1/2001,Euro,1.1723
7/1/2001,Euro,1.1608
8/1/2001,Euro,1.1094
9/1/2001,Euro,1.0972
10/1/2001,Euro,1.105
11/1/2001,Euro,1.1257
12/1/2001,Euro,1.1221
1/1/2002,Euro,1.1322
2/1/2002,Euro,1.1485
3/1/2002,Euro,1.1408
4/1/2002,Euro,1.1287
5/1/2002,Euro,1.0905
6/1/2002,Euro,1.0459
7/1/2002,Euro,1.0065
8/1/2002,Euro,1.0224
9/1/2002,Euro,1.0198
10/1/2002,Euro,1.0192
11/1/2002,Euro,0.9987
12/1/2002,Euro,0.981
1/1/2003,Euro,0.9414
2/1/2003,Euro,0.9272
3/1/2003,Euro,0.9262
4/1/2003,Euro,0.9206
5/1/2003,Euro,0.8654
6/1/2003,Euro,0.8566
7/1/2003,Euro,0.8799
8/1/2003,Euro,0.8965
9/1/2003,Euro,0.8875
10/1/2003,Euro,0.8537
11/1/2003,Euro,0.854
12/1/2003,Euro,0.8131
1/1/2004,Euro,0.7913
2/1/2004,Euro,0.7911
3/1/2004,Euro,0.8156
4/1/2004,Euro,0.8341
5/1/2004,Euro,0.8333
6/1/2004,Euro,0.8233
7/1/2004,Euro,0.8153
8/1/2004,Euro,0.8203
9/1/2004,Euro,0.8181
10/1/2004,Euro,0.7996
11/1/2004,Euro,0.7694
12/1/2004,Euro,0.7459
1/1/2005,Euro,0.762
2/1/2005,Euro,0.7685
3/1/2005,Euro,0.7584
4/1/2005,Euro,0.7726
5/1/2005,Euro,0.7876
6/1/2005,Euro,0.8227
7/1/2005,Euro,0.8305
8/1/2005,Euro,0.8133
9/1/2005,Euro,0.8174
10/1/2005,Euro,0.8318
11/1/2005,Euro,0.8482
12/1/2005,Euro,0.8431
1/1/2006,Euro,0.8247
2/1/2006,Euro,0.8375
3/1/2006,Euro,0.8314
4/1/2006,Euro,0.8148
5/1/2006,Euro,0.7833
6/1/2006,Euro,0.7898
7/1/2006,Euro,0.7886
8/1/2006,Euro,0.7806
9/1/2006,Euro,0.786
10/1/2006,Euro,0.7926
11/1/2006,Euro,0.7759
12/1/2006,Euro,0.7573
1/1/2007,Euro,0.7696
2/1/2007,Euro,0.7645
3/1/2007,Euro,0.7549
4/1/2007,Euro,0.74
5/1/2007,Euro,0.7398
6/1/2007,Euro,0.7451
7/1/2007,Euro,0.7285
8/1/2007,Euro,0.7339
9/1/2007,Euro,0.7189
10/1/2007,Euro,0.7026
11/1/2007,Euro,0.6811
12/1/2007,Euro,0.6869
1/1/2008,Euro,0.679
2/1/2008,Euro,0.6776
3/1/2008,Euro,0.6443
4/1/2008,Euro,0.6348
5/1/2008,Euro,0.6429
6/1/2008,Euro,0.6426
7/1/2008,Euro,0.6346
8/1/2008,Euro,0.6687
9/1/2008,Euro,0.6973
10/1/2008,Euro,0.7538
11/1/2008,Euro,0.7847
12/1/2008,Euro,0.7401
1/1/2009,Euro,0.7551
2/1/2009,Euro,0.7814
3/1/2009,Euro,0.7663
4/1/2009,Euro,0.7576
5/1/2009,Euro,0.7328
6/1/2009,Euro,0.7136
7/1/2009,Euro,0.7096
8/1/2009,Euro,0.701
9/1/2009,Euro,0.6861
10/1/2009,Euro,0.6747
11/1/2009,Euro,0.6708
12/1/2009,Euro,0.6859
1/1/2010,Euro,0.701
2/1/2010,Euro,0.731
3/1/2010,Euro,0.7369
4/1/2010,Euro,0.7453
5/1/2010,Euro,0.796
6/1/2010,Euro,0.8181
7/1/2010,Euro,0.7806
8/1/2010,Euro,0.775
9/1/2010,Euro,0.7632
10/1/2010,Euro,0.7194
11/1/2010,Euro,0.7324
12/1/2010,Euro,0.7564
1/1/2011,Euro,0.7479
2/1/2011,Euro,0.7323
3/1/2011,Euro,0.7133
4/1/2011,Euro,0.6916
5/1/2011,Euro,0.6976
6/1/2011,Euro,0.6943
7/1/2011,Euro,0.7005
8/1/2011,Euro,0.6977
9/1/2011,Euro,0.7274
10/1/2011,Euro,0.7282
11/1/2011,Euro,0.7376
12/1/2011,Euro,0.7602
1/1/2012,Euro,0.7746
2/1/2012,Euro,0.7554
3/1/2012,Euro,0.7571
4/1/2012,Euro,0.7599
5/1/2012,Euro,0.7809
6/1/2012,Euro,0.7974
7/1/2012,Euro,0.8145
8/1/2012,Euro,0.8061
9/1/2012,Euro,0.7761
10/1/2012,Euro,0.7708
11/1/2012,Euro,0.779
12/1/2012,Euro,0.7623
1/1/2013,Euro,0.7517
2/1/2013,Euro,0.7492
3/1/2013,Euro,0.772
4/1/2013,Euro,0.7678
5/1/2013,Euro,0.7702
6/1/2013,Euro,0.7577
7/1/2013,Euro,0.7641
8/1/2013,Euro,0.7511
9/1/2013,Euro,0.7483
10/1/2013,Euro,0.7328
11/1/2013,Euro,0.7412
12/1/2013,Euro,0.7295
1/1/2014,Euro,0.7343
2/1/2014,Euro,0.7318
3/1/2014,Euro,0.7232
4/1/2014,Euro,0.7241
5/1/2014,Euro,0.7279
6/1/2014,Euro,0.7356
7/1/2014,Euro,0.7389
8/1/2014,Euro,0.751
9/1/2014,Euro,0.7759
10/1/2014,Euro,0.7888
11/1/2014,Euro,0.8017
12/1/2014,Euro,0.8111
1/1/2015,Euro,0.861
2/1/2015,Euro,0.8811
3/1/2015,Euro,0.9243
4/1/2015,Euro,0.924
5/1/2015,Euro,0.8955
6/1/2015,Euro,0.8908
7/1/2015,Euro,0.9093
8/1/2015,Euro,0.898
9/1/2015,Euro,0.8906
10/1/2015,Euro,0.8906
11/1/2015,Euro,0.9322
12/1/2015,Euro,0.9184
1/1/2016,Euro,0.9212
2/1/2016,Euro,0.9016
3/1/2016,Euro,0.8981
4/1/2016,Euro,0.8814
5/1/2016,Euro,0.884
6/1/2016,Euro,0.8903
7/1/2016,Euro,0.9046
8/1/2016,Euro,0.8923
9/1/2016,Euro,0.8914
10/1/2016,Euro,0.9079
11/1/2016,Euro,0.9266
12/1/2016,Euro,0.9483
1/1/2017,Euro,0.9403
2/1/2017,Euro,0.939
3/1/2017,Euro,0.9354
4/1/2017,Euro,0.9334
5/1/2017,Euro,0.905
6/1/2017,Euro,0.8902
7/1/2017,Euro,0.8673
8/1/2017,Euro,0.8465
9/1/2017,Euro,0.8394
10/1/2017,Euro,0.8507
11/1/2017,Euro,0.8516
12/1/2017,Euro,0.8396
1/1/2000,United Kingdom,0.6096
2/1/2000,United Kingdom,0.625
3/1/2000,United Kingdom,0.633
4/1/2000,United Kingdom,0.632
5/1/2000,United Kingdom,0.6627
6/1/2000,United Kingdom,0.6626
7/1/2000,United Kingdom,0.6633
8/1/2000,United Kingdom,0.6716
9/1/2000,United Kingdom,0.6975
10/1/2000,United Kingdom,0.6894
11/1/2000,United Kingdom,0.7014
12/1/2000,United Kingdom,0.6836
1/1/2001,United Kingdom,0.6768
2/1/2001,United Kingdom,0.6885
3/1/2001,United Kingdom,0.6923
4/1/2001,United Kingdom,0.697
5/1/2001,United Kingdom,0.701
6/1/2001,United Kingdom,0.7133
7/1/2001,United Kingdom,0.7068
8/1/2001,United Kingdom,0.6958
9/1/2001,United Kingdom,0.6832
10/1/2001,United Kingdom,0.6896
11/1/2001,United Kingdom,0.6966
12/1/2001,United Kingdom,0.6938
1/1/2002,United Kingdom,0.6982
2/1/2002,United Kingdom,0.7029
3/1/2002,United Kingdom,0.7027
4/1/2002,United Kingdom,0.693
5/1/2002,United Kingdom,0.685
6/1/2002,United Kingdom,0.674
7/1/2002,United Kingdom,0.6425
8/1/2002,United Kingdom,0.6507
9/1/2002,United Kingdom,0.6425
10/1/2002,United Kingdom,0.6421
11/1/2002,United Kingdom,0.6365
12/1/2002,United Kingdom,0.6304
1/1/2003,United Kingdom,0.6182
2/1/2003,United Kingdom,0.6219
3/1/2003,United Kingdom,0.6319
4/1/2003,United Kingdom,0.6354
5/1/2003,United Kingdom,0.6164
6/1/2003,United Kingdom,0.6021
7/1/2003,United Kingdom,0.6165
8/1/2003,United Kingdom,0.6274
9/1/2003,United Kingdom,0.619
10/1/2003,United Kingdom,0.5955
11/1/2003,United Kingdom,0.5918
12/1/2003,United Kingdom,0.5709
1/1/2004,United Kingdom,0.5478
2/1/2004,United Kingdom,0.5355
3/1/2004,United Kingdom,0.5476
4/1/2004,United Kingdom,0.5546
5/1/2004,United Kingdom,0.5599
6/1/2004,United Kingdom,0.5471
7/1/2004,United Kingdom,0.5424
8/1/2004,United Kingdom,0.5494
9/1/2004,United Kingdom,0.5575
10/1/2004,United Kingdom,0.5532
11/1/2004,United Kingdom,0.5374
12/1/2004,United Kingdom,0.5185
1/1/2005,United Kingdom,0.532
2/1/2005,United Kingdom,0.5299
3/1/2005,United Kingdom,0.5251
4/1/2005,United Kingdom,0.5274
5/1/2005,United Kingdom,0.5388
6/1/2005,United Kingdom,0.5501
7/1/2005,United Kingdom,0.5712
8/1/2005,United Kingdom,0.5573
9/1/2005,United Kingdom,0.5536
10/1/2005,United Kingdom,0.5665
11/1/2005,United Kingdom,0.5764
12/1/2005,United Kingdom,0.5728
1/1/2006,United Kingdom,0.5654
2/1/2006,United Kingdom,0.5721
3/1/2006,United Kingdom,0.5733
4/1/2006,United Kingdom,0.5656
5/1/2006,United Kingdom,0.5351
6/1/2006,United Kingdom,0.5424
7/1/2006,United Kingdom,0.5422
8/1/2006,United Kingdom,0.528
9/1/2006,United Kingdom,0.5308
10/1/2006,United Kingdom,0.5329
11/1/2006,United Kingdom,0.5229
12/1/2006,United Kingdom,0.5095
1/1/2007,United Kingdom,0.5105
2/1/2007,United Kingdom,0.5105
3/1/2007,United Kingdom,0.5135
4/1/2007,United Kingdom,0.503
5/1/2007,United Kingdom,0.504
6/1/2007,United Kingdom,0.5033
7/1/2007,United Kingdom,0.4913
8/1/2007,United Kingdom,0.4973
9/1/2007,United Kingdom,0.4954
10/1/2007,United Kingdom,0.489
11/1/2007,United Kingdom,0.4831
12/1/2007,United Kingdom,0.496
1/1/2008,United Kingdom,0.5076
2/1/2008,United Kingdom,0.509
3/1/2008,United Kingdom,0.4996
4/1/2008,United Kingdom,0.5046
5/1/2008,United Kingdom,0.5089
6/1/2008,United Kingdom,0.5085
7/1/2008,United Kingdom,0.5028
8/1/2008,United Kingdom,0.5301
9/1/2008,United Kingdom,0.5564
10/1/2008,United Kingdom,0.593
11/1/2008,United Kingdom,0.6524
12/1/2008,United Kingdom,0.6732
1/1/2009,United Kingdom,0.6915
2/1/2009,United Kingdom,0.6934
3/1/2009,United Kingdom,0.7057
4/1/2009,United Kingdom,0.6797
5/1/2009,United Kingdom,0.6486
6/1/2009,United Kingdom,0.6109
7/1/2009,United Kingdom,0.6106
8/1/2009,United Kingdom,0.6049
9/1/2009,United Kingdom,0.6126
10/1/2009,United Kingdom,0.6168
11/1/2009,United Kingdom,0.6024
12/1/2009,United Kingdom,0.6163
1/1/2010,United Kingdom,0.6189
2/1/2010,United Kingdom,0.6403
3/1/2010,United Kingdom,0.6641
4/1/2010,United Kingdom,0.6522
5/1/2010,United Kingdom,0.6817
6/1/2010,United Kingdom,0.6771
7/1/2010,United Kingdom,0.6534
8/1/2010,United Kingdom,0.6385
9/1/2010,United Kingdom,0.6414
10/1/2010,United Kingdom,0.6302
11/1/2010,United Kingdom,0.6265
12/1/2010,United Kingdom,0.6412
1/1/2011,United Kingdom,0.6336
2/1/2011,United Kingdom,0.6202
3/1/2011,United Kingdom,0.6189
4/1/2011,United Kingdom,0.6105
5/1/2011,United Kingdom,0.6123
6/1/2011,United Kingdom,0.6166
7/1/2011,United Kingdom,0.6189
8/1/2011,United Kingdom,0.6114
9/1/2011,United Kingdom,0.6341
10/1/2011,United Kingdom,0.6342
11/1/2011,United Kingdom,0.6327
12/1/2011,United Kingdom,0.6416
1/1/2012,United Kingdom,0.6442
2/1/2012,United Kingdom,0.6328
3/1/2012,United Kingdom,0.632
4/1/2012,United Kingdom,0.625
5/1/2012,United Kingdom,0.628
6/1/2012,United Kingdom,0.6428
7/1/2012,United Kingdom,0.6413
8/1/2012,United Kingdom,0.6361
9/1/2012,United Kingdom,0.6201
10/1/2012,United Kingdom,0.6219
11/1/2012,United Kingdom,0.6263
12/1/2012,United Kingdom,0.6194
1/1/2013,United Kingdom,0.6264
2/1/2013,United Kingdom,0.6462
3/1/2013,United Kingdom,0.6631
4/1/2013,United Kingdom,0.6531
5/1/2013,United Kingdom,0.6537
6/1/2013,United Kingdom,0.6455
7/1/2013,United Kingdom,0.6588
8/1/2013,United Kingdom,0.645
9/1/2013,United Kingdom,0.6295
10/1/2013,United Kingdom,0.6212
11/1/2013,United Kingdom,0.6211
12/1/2013,United Kingdom,0.6104
1/1/2014,United Kingdom,0.6072
2/1/2014,United Kingdom,0.6039
3/1/2014,United Kingdom,0.6015
4/1/2014,United Kingdom,0.5971
5/1/2014,United Kingdom,0.5938
6/1/2014,United Kingdom,0.5914
7/1/2014,United Kingdom,0.586
8/1/2014,United Kingdom,0.5988
9/1/2014,United Kingdom,0.6139
10/1/2014,United Kingdom,0.6221
11/1/2014,United Kingdom,0.6341
12/1/2014,United Kingdom,0.6392
1/1/2015,United Kingdom,0.6604
2/1/2015,United Kingdom,0.6524
3/1/2015,United Kingdom,0.6685
4/1/2015,United Kingdom,0.6681
5/1/2015,United Kingdom,0.647
6/1/2015,United Kingdom,0.642
7/1/2015,United Kingdom,0.6427
8/1/2015,United Kingdom,0.6419
9/1/2015,United Kingdom,0.652
10/1/2015,United Kingdom,0.6518
11/1/2015,United Kingdom,0.6582
12/1/2015,United Kingdom,0.6675
1/1/2016,United Kingdom,0.6948
2/1/2016,United Kingdom,0.6998
3/1/2016,United Kingdom,0.7018
4/1/2016,United Kingdom,0.6984
5/1/2016,United Kingdom,0.6885
6/1/2016,United Kingdom,0.7044
7/1/2016,United Kingdom,0.7614
8/1/2016,United Kingdom,0.7633
9/1/2016,United Kingdom,0.761
10/1/2016,United Kingdom,0.811
11/1/2016,United Kingdom,0.8044
12/1/2016,United Kingdom,0.8011
1/1/2017,United Kingdom,0.8086
2/1/2017,United Kingdom,0.8003
3/1/2017,United Kingdom,0.8099
4/1/2017,United Kingdom,0.7912
5/1/2017,United Kingdom,0.7735
6/1/2017,United Kingdom,0.7806
7/1/2017,United Kingdom,0.7695
8/1/2017,United Kingdom,0.7721
9/1/2017,United Kingdom,0.7496
10/1/2017,United Kingdom,0.7575
11/1/2017,United Kingdom,0.7566
12/1/2017,United Kingdom,0.7405
